index,disease_name,supplement name,supplement image,buy link
0,Apple___Apple_scab,Katyayani Prozol Propiconazole 25% EC Systematic Fungicide,https://encrypted-tbn1.gstatic.com/shopping?q=tbn:ANd9GcRfq9MLrPL9tFkuFbGb98fMGDdl67v4I2iDLYCVprdsdGaXURCl9UNEr8v_65X1hKrYF5NjSvB01HOGexg-3CJxjkVSu9zPNJ2AunP09vPa0gjEILskTILx&usqp=CAE,https://agribegri.com/products/buy-propiconazole--25-ec-systematic-fungicide-online-.php
1,Apple___Black_rot,Magic FungiX For Fungal disease,https://encrypted-tbn3.gstatic.com/shopping?q=tbn:ANd9GcTZZH2SUe7Hufpd49iFoF_04c96J-fZeywsYQXDb0gFerGOYyL7xPBxLN05LIx6s36u6C_qMvtescsDbrTEzniJp0yhfEsvJoTCMD7FDnI&usqp=CAE,https://agribegri.com/products/buy-fungicide-online-india--organic-fungicide--yield-enhancer.php
2,Apple___Cedar_apple_rust,Katyayani All in 1 Organic Fungicide,https://tse2.mm.bing.net/th?id=OIP.rSXtjx134Yt2w4JXooEMmQHaIN&pid=Api&P=0&h=180
3,Apple___healthy,Tapti Booster Organic Fertilizer,https://rukminim1.flixcart.com/image/416/416/kc6jyq80/soil-manure/6/y/v/500-tapti-booster-500-ml-green-yantra-original-imaftd6rrgfhvshc.jpeg?q=70,https://agribegri.com/products/tapti-booster-500-ml--organic-fertilizer-online-in-india.php
4,Background_without_leaves,,,
5,Blueberry___healthy,GreenStix Fertilizer,https://m.media-amazon.com/images/I/71hpv7ugf8L._SX466_.jpg
6,Cherry___Powdery_mildew,ROM Mildew Clean,https://encrypted-tbn0.gstatic.com/shopping?q=tbn:ANd9GcSeHlqcksdF25o8mv-fYxNOrfJkp4Ov2hgVf01w2aCed1WbyL604ubLtPAlB7rfNoHRtxbTljQvA7P3VRh8LM0XndFHWDqvC4kC4w-DLQiknnS3vRzAxTpP&usqp=CAE,https://agribegri.com/products/rom-mildew-clean-1-kg--price-of-organic-fungicide-online-.php
7,Cherry___healthy,Plantic Organic BloomDrop Liquid Plant Food ,https://encrypted-tbn3.gstatic.com/shopping?q=tbn:ANd9GcSpHb-xEa2rTSIEf5QtLMbax4zvRsTzD4kAwQ9Rcwr3AbDDQxUhmMmPJBVGLCAvczXrXAqwWKN-rReHwSR-XSGlsJRLvZOKRXHV-54uLhU_6EIuBq5BHXaAwg&usqp=CAE,https://plantic.in/products/organic-bloomdrop
8,Corn___Cercospora_leaf_spot Gray_leaf_spot,ANTRACOL FUNGICIDE,https://encrypted-tbn2.gstatic.com/shopping?q=tbn:ANd9GcTm0wIanaB9OdUkuH9IJ-bHG_qyungwi2lWnmkFmze9VFU1yeSuRO3wImAhPfEJwuBZXPSEf5QwZhieERwrlE5H7lg_8bvf&usqp=CAE,https://www.bighaat.com/products/antracol?variant=14521365063&currency=INR&utm_medium=product_sync&utm_source=google&utm_content=sag_organic&utm_campaign=sag_organic
9,Corn___Common_rust,3 STAR M45 Mancozeb 75% WP Contact Fungicide,https://encrypted-tbn2.gstatic.com/shopping?q=tbn:ANd9GcT86avIdiTsKNdgo0Uss9r2tkn9pcx6VCGHeaubXDiR0u_fqqyXomgc1BBviREao7BM_eQiR6tbLCzUxG5VzS4du5DgwBVbtwSLuTEexpI&usqp=CAE,https://agribegri.com/products/buy-online-3-star-m45-mancozeb-75-wp.php
10,Corn___Northern_Leaf_Blight,QUIT (Carbendazim 12% + Mancozeb 63% WP) Protective And Curative Fungicide,https://tse3.mm.bing.net/th?id=OIP.RRA1TkLs6mzlk8V91gs6WAHaHa&pid=Api&P=0&h=180
11,Corn___healthy,Biomass Lab Sampoorn Fasal Ahaar (Multipurpose Organic Fertilizer & Plant Food),https://agrosiaa.com/uploads/userdata/seller/c39c5aa566cf9954c0c76866d60e345c50831def/product_images/87742607169f2f270fb582ca9c60ef4bf166821974bc8ca2d3.jpg
12,Grape___Black_rot,Southern Ag Captan 50% WP Fungicide,https://images-na.ssl-images-amazon.com/images/I/51s1IbUD-qL.jpg,https://www.cart2india.com/beneficial-insects/southern-ag-captan-50-wp-fungicide-8-oz/00000000004336428163
13,Grape___Esca_(Black_Measles),ALIETTE FUNGICIDE,https://agrariagioiese.it/1732-large_default/bayer-aliette-wg-80-fungicide-based-on-fosetyl-aluminum-kg-1.jpg
14,Grape___Leaf_blight_(Isariopsis_Leaf_Spot),"Tebulur Tebuconazole 10% + Sulphur 65% WG , Advance Broad Spectrum Premix Fungicides",https://encrypted-tbn1.gstatic.com/shopping?q=tbn:ANd9GcQPzI0SnMtb60x2D1gGkRHsvD1j7NRl8Y7pjuIyuyrTxdpvUOpci7NxHWxt4Gfn3ETrCrgWKvGPH-jmbboE2vi4b4MiTq3kZKMdHFUSctUmXcH9ZRed0j4-&usqp=CAE,https://agribegri.com/products/buy-tebuconazole-10--sulphur-65-wg-online--online-agro-store.php
15,Grape___healthy,Sansar Green Grapes Fertilizer Fertilizer,https://rukminim1.flixcart.com/image/416/416/k51cpe80/soil-manure/4/m/h/400-grapes-fertilizer-sansar-green-original-imafntdujntbdner.jpeg?q=70,"https://www.flipkart.com/sansar-green-grapes-fertilizer/p/itm90f06136b50c7?pid=SMNFNT8F7FCQJ4MH&lid=LSTSMNFNT8F7FCQJ4MHMXEELG&marketplace=FLIPKART&cmpid=content_soil-manure_730597647_g_8965229628_gmc_pla&tgi=sem,1,G,11214002,g,search,,476044024748,,,,c,,,,,,,&ef_id=Cj0KCQjwsLWDBhCmARIsAPSL3_0d3lBg14nXBbhJeTP7z5mqzpyHXmv4c7cL9mW4MqCBlnskpoMB8C0aArWREALw_wcB:G:s&s_kwcid=AL!739!3!476044024748!!!g!293946777986!&gclsrc=aw.ds"
16,Orange___Haunglongbing_(Citrus_greening),Green Dews CITRUS PLANT FOOD Fertilizer ,https://rukminim1.flixcart.com/image/416/416/ju79hu80/soil-manure/x/m/b/400-citrus-plant-food-green-dews-original-imaffbxhn3rz8k5p.jpeg?q=70,https://www.flipkart.com/green-dews-citrus-plant-food-fertilizer/p/itmffde2heg7hkq2?pid=SMNFFBY9Z8DVTXMB&lid=LSTSMNFFBY9Z8DVTXMBEL4PDT&marketplace=FLIPKART&cmpid=content_soil-manure_8965229628_gmc
17,Peach___Bacterial_spot,SCORE FUNGICIDE,https://5.imimg.com/data5/SELLER/Default/2023/2/VL/KI/AH/43080611/syngenta-score-fungicide-1000x1000.jpg
18,Peach___healthy,Jeevamrut (Plant Growth Tonic),https://150k.nurserylive.com/images/stories/virtuemart/product/nurserylive-jeevamrut-plant-growth-tonic-250-ml.jpg
19,"Pepper,_bell___Bacterial_spot",Systemic Fungicide (Domark) Tetraconazole 3.8% w/w (4% w/v) EW,https://encrypted-tbn0.gstatic.com/shopping?q=tbn:ANd9GcQNEP3gEC77FdOUBy_xUgIbq7UU_N2TX1zRwCFvtl02Kz5-a6X2ZhXPAhf9y0kLieGR2VTVarUnZP_JMs0kFtEw-LqJwVSMHsjGP4Bz9scPPIB6NCLtcD7JNA&usqp=CAE,https://agribegri.com/products/buy-systemic-fungicide-online--tetraconazole-38--domark-.php
20,"Pepper,_bell___healthy",Casa De Amor Organic Potash Fertilizer,https://up.yimg.com/ib/th?id=OIP.bOR5pI8mVCoE_UmbLoO9TgHaHa&pid=Api&rs=1&c=1&qlt=95&w=112&h=112
21,Potato___Early_blight,Parin Herbal Fungicides (With Turmeric Extract),https://encrypted-tbn3.gstatic.com/shopping?q=tbn:ANd9GcQzAaBb9Tc2B0iXiYc08qD2WM4vjAz4TZHI6qwj-D7nck2bbtYQUnnODSqPSK_Vz5NR1Am8aRbc2Rd0anzqgVKWq-0OlZ6wkjE-3x0jXihQ9F0kO8nJu7FT&usqp=CAE,https://agribegri.com/products/buy-herbal-fungicide-online-india--buy-pesticides-online.php
22,Potato___Late_blight,Syngenta Ridomil gold Fungicide ,https://tse1.mm.bing.net/th?id=OIP.lJlj6U0SxqyS0Erg7TGMGQHaHa&pid=Api&P=0&h=180
23,Potato___healthy,Saosis Fertilizer for potato Fertilizer,https://rukminim1.flixcart.com/image/416/416/kfvfwy80/soil-manure/6/p/g/30-fertilizer-for-potato-saosis-original-imafw8b3sgcyrhh4.jpeg?q=70,"https://www.flipkart.com/saosis-fertilizer-potato/p/itmc40dfbfcd49f7?pid=SMNFW8B3DTY2V6PG&lid=LSTSMNFW8B3DTY2V6PGHC2BXS&marketplace=FLIPKART&cmpid=content_soil-manure_730597647_g_8965229628_gmc_pla&tgi=sem,1,G,11214002,g,search,,476044024748,,,,c,,,,,,,&ef_id=Cj0KCQjwsLWDBhCmARIsAPSL3_3TcmjyWFqJEZtCD0SQiDb9UFyESkiYtgU35W5Qs_KnTCkDS_Px2Y4aArmBEALw_wcB:G:s&s_kwcid=AL!739!3!476044024748!!!g!293946777986!&gclsrc=aw.ds"
24,Raspberry___healthy,"Karen's Naturals, Organic Just Raspberries",https://s3.images-iherb.com/jte/jte29001/v/6.jpg,https://in.iherb.com/pr/Karen-s-Naturals-Organic-Just-Raspberries-1-5-oz-42-g/37730?gclsrc=ds
25,Soybean___healthy,Max Crop Liquid Fertilizer,https://tse2.mm.bing.net/th?id=OIP.5LOSUxS08UlHk2NFfuDccwHaIJ&pid=Api&P=0&h=180
26,Squash___Powdery_mildew,No powdery mildew 1 quart,https://cdn.shopify.com/s/files/1/1667/9587/products/415B_2BfINScL.jpg?v=1536320654,https://kiron.co.in/products/B0068WMLE2
27,Strawberry___Leaf_scorch,Greatindos Premium Quality All in 1 Organic Fungicide,https://encrypted-tbn3.gstatic.com/shopping?q=tbn:ANd9GcSV3dLQAuhGWWsZSX3Ray15J_uSeFgSo7oLE0G2BxPFSwVNnOUY7VsBbLzDbw_mzUw3ZFLaF4kPWPyzatefP2bnSZwEbwrYnGGYgEl8rS6XWmwRnloOWnwy&usqp=CAE,https://agribegri.com/products/buy-organic-fungicide-online--organic-fungicide-with-best-rate-.php
28,Strawberry___healthy,SWISS GREEN ORGANIC PLANT GROWTH PROMOTER STRAWBERRY Fertilizer,https://rukminim1.flixcart.com/image/416/416/k2urhjk0/soil-manure/q/y/d/500-organic-plant-growth-promoter-strawberry-swiss-green-original-imafm3vx8mzyhxzg.jpeg?q=70,https://www.flipkart.com/swiss-green-organic-plant-growth-promoter-strawberry-fertilizer-manure/p/itmcaf7955b802fa?pid=SMNFM3TT2RNZEQYD&lid=LSTSMNFM3TT2RNZEQYDIGMSRD&marketplace=FLIPKART&cmpid=content_soil-manure_8965229628_gmc
29,Tomato___Bacterial_spot,CUREAL Best Fungicide & Bactericide,https://encrypted-tbn1.gstatic.com/shopping?q=tbn:ANd9GcRKHQh4EwbE0ksZ_RTOhsGtvTO68zllR9djrYvUrZ-DO6FYo2kYpmyFL8UgaK6aiHJuUWbkax_uhcxMpGfwSHa2CKWqaIZnFp1vIRbGkrZhtGv-Zq-72y61&usqp=CAE,https://agribegri.com/products/cureal---best-fungicide--bactericide-zinc-based-250-ml.php
30,Tomato___Early_blight,NATIVO FUNGICIDE,https://5.imimg.com/data5/SELLER/Default/2021/4/NY/EG/YE/25908241/nativo-1.jpg
31,Tomato___Late_blight,ACROBAT FUNGICIDE,https://encrypted-tbn3.gstatic.com/shopping?q=tbn:ANd9GcRpQmIM9QZkFI43PPlHVFaSlGdrdMP8LFHXAo9b_OGOQCi3R6G-SsqnCXFR4CU9bVAcyuBGTrQRAkRrU9fm-1TGeXg9PrsB&usqp=CAE,https://www.bighaat.com/products/acrobat-fungicide?variant=31177935519767&currency=INR&utm_medium=product_sync&utm_source=google&utm_content=sag_organic&utm_campaign=sag_organic
32,Tomato___Leaf_Mold,Virus Special (Set of Immuno 1 ltr + Enviro 1 ltr),https://encrypted-tbn1.gstatic.com/shopping?q=tbn:ANd9GcQfgH6lswqhV2hUhqZwEfgQBU1eUP1GCvETxg_a3JFOERS2tc80k8gNMbHM_XxReblck1T7tR95X8Qojdj1k0yAyvhmCZHvkFWaT_L-a8ofElEXerVJqvsF&usqp=CAE,https://agribegri.com/products/virus-special-enviroimmuno-1-litre.php
33,Tomato___Septoria_leaf_spot,Roko Fungicide,https://tse4.mm.bing.net/th?id=OIP.HaXQOF5t2S-yV3Bv9j4G2wAAAA&pid=Api&P=0&h=180
34,Tomato___Spider_mites Two-spotted_spider_mite,OMITE INSECTICIDE,https://tse2.mm.bing.net/th?id=OIP.ALcB-4IBqwsZynikgUWkNAHaHa&pid=Api&P=0&h=180
35,Tomato___Target_Spot,Propi Propineb 70% WP Fungicide for Plants Diesese Control Pesticide,https://rukminim1.flixcart.com/image/416/416/k3xcdjk0/soil-manure/y/f/j/100-propineb-70-wp-fungicide-for-plants-diesese-control-propi-original-imafmxg3jghhdyt6.jpeg?q=70,"https://www.flipkart.com/propi-propineb-70-wp-fungicide-plants-diesese-control-pesticide/p/itm9db96656402f8?pid=SMNFMX8FJJHZAYFJ&lid=LSTSMNFMX8FJJHZAYFJDGFGXW&marketplace=FLIPKART&cmpid=content_soil-manure_730597647_g_8965229628_gmc_pla&tgi=sem,1,G,11214002,g,search,,476044024748,,,,c,,,,,,,&ef_id=Cj0KCQjwsLWDBhCmARIsAPSL3_2bIC4skU03mHTgG2GvlhsFQstQaLrFyAaL10NTTCDsuI9BoffpPFUaAjn1EALw_wcB:G:s&s_kwcid=AL!739!3!476044024748!!!g!293946777986!&gclsrc=aw.ds"
36,Tomato___Tomato_Yellow_Leaf_Curl_Virus,Syngenta Amistor Top Fungicide,https://tse1.mm.bing.net/th?id=OIP.zBYEq76emjpCAIM-VYxejgHaHa&pid=Api&P=0&h=180
37,Tomato___Tomato_mosaic_virus,V Bind Viral Disease Special,https://encrypted-tbn1.gstatic.com/shopping?q=tbn:ANd9GcRmHRAqOUGXt76NPfOMXrUVRvDt8gRYd3-HTexGYI0d4PNmDuLXbfTchIRipVD-hx1wob7hHyVTbmyS85fTcADpBUMezetO&usqp=CAE,https://agribegri.com/products/viricide-online-.php
38,Tomato___healthy,"Tomato Fertilizer Organic, for Home, Balcony, Terrace & Outdoor Gardening",https://i.pinimg.com/originals/68/88/3c/68883c0abed5ebfc92a87323d47dab79.jpg